filename,memory,organization,technology,node_nm,normalized_total_area_mm2,improvement_total_area_mm2,normalized_read_latency_ns,improvement_read_latency_ns,normalized_write_latency_ns,improvement_write_latency_ns,normalized_read_energy_nJ,improvement_read_energy_nJ,normalized_write_energy_nJ,improvement_write_energy_nJ,normalized_leakage_power_mW,improvement_leakage_power_mW,normalized_read_edp_nJ_ns,improvement_read_edp_nJ_ns,normalized_write_edp_nJ_ns,improvement_write_edp_nJ_ns
2D_RRAM_130nm_output.txt,RRAM,2D,2D_RRAM,130,1,1,1,1,1,1,1,1,1,1,1,1,1,1,1,1
2D_RRAM_180nm_output.txt,RRAM,2D,2D_RRAM,180,1,1,1,1,1,1,1,1,1,1,1,1,1,1,1,1
2D_RRAM_22nm_output.txt,RRAM,2D,2D_RRAM,22,1,1,1,1,1,1,1,1,1,1,1,1,1,1,1,1
2D_RRAM_32nm_output.txt,RRAM,2D,2D_RRAM,32,1,1,1,1,1,1,1,1,1,1,1,1,1,1,1,1
2D_RRAM_45nm_output.txt,RRAM,2D,2D_RRAM,45,1,1,1,1,1,1,1,1,1,1,1,1,1,1,1,1
2D_RRAM_65nm_output.txt,RRAM,2D,2D_RRAM,65,1,1,1,1,1,1,1,1,1,1,1,1,1,1,1,1
2D_RRAM_90nm_output.txt,RRAM,2D,2D_RRAM,90,1,1,1,1,1,1,1,1,1,1,1,1,1,1,1,1
2D_SRAM_130nm_output.txt,SRAM,2D,2D_SRAM,130,1,1,1,1,1,1,1,1,1,1,1,1,1,1,1,1
2D_SRAM_180nm_output.txt,SRAM,2D,2D_SRAM,180,1,1,1,1,1,1,1,1,1,1,1,1,1,1,1,1
2D_SRAM_22nm_output.txt,SRAM,2D,2D_SRAM,22,1,1,1,1,1,1,1,1,1,1,1,1,1,1,1,1
2D_SRAM_32nm_output.txt,SRAM,2D,2D_SRAM,32,1,1,1,1,1,1,1,1,1,1,1,1,1,1,1,1
2D_SRAM_45nm_output.txt,SRAM,2D,2D_SRAM,45,1,1,1,1,1,1,1,1,1,1,1,1,1,1,1,1
2D_SRAM_65nm_output.txt,SRAM,2D,2D_SRAM,65,1,1,1,1,1,1,1,1,1,1,1,1,1,1,1,1
2D_SRAM_90nm_output.txt,SRAM,2D,2D_SRAM,90,1,1,1,1,1,1,1,1,1,1,1,1,1,1,1,1
2D_STTRAM_130nm_output.txt,STTRAM,2D,2D_STTRAM,130,1,1,1,1,1,1,1,1,1,1,1,1,1,1,1,1
2D_STTRAM_180nm_output.txt,STTRAM,2D,2D_STTRAM,180,1,1,1,1,1,1,1,1,1,1,1,1,1,1,1,1
2D_STTRAM_22nm_output.txt,STTRAM,2D,2D_STTRAM,22,1,1,1,1,1,1,1,1,1,1,1,1,1,1,1,1
2D_STTRAM_32nm_output.txt,STTRAM,2D,2D_STTRAM,32,1,1,1,1,1,1,1,1,1,1,1,1,1,1,1,1
2D_STTRAM_45nm_output.txt,STTRAM,2D,2D_STTRAM,45,1,1,1,1,1,1,1,1,1,1,1,1,1,1,1,1
2D_STTRAM_65nm_output.txt,STTRAM,2D,2D_STTRAM,65,1,1,1,1,1,1,1,1,1,1,1,1,1,1,1,1
2D_STTRAM_90nm_output.txt,STTRAM,2D,2D_STTRAM,90,1,1,1,1,1,1,1,1,1,1,1,1,1,1,1,1
2D_eDRAM_130nm_output.txt,eDRAM,2D,2D_eDRAM,130,1,1,1,1,1,1,1,1,1,1,1,1,1,1,1,1
2D_eDRAM_180nm_output.txt,eDRAM,2D,2D_eDRAM,180,1,1,1,1,1,1,1,1,1,1,1,1,1,1,1,1
2D_eDRAM_22nm_output.txt,eDRAM,2D,2D_eDRAM,22,1,1,1,1,1,1,1,1,1,1,1,1,1,1,1,1
2D_eDRAM_32nm_output.txt,eDRAM,2D,2D_eDRAM,32,1,1,1,1,1,1,1,1,1,1,1,1,1,1,1,1
2D_eDRAM_45nm_output.txt,eDRAM,2D,2D_eDRAM,45,1,1,1,1,1,1,1,1,1,1,1,1,1,1,1,1
2D_eDRAM_65nm_output.txt,eDRAM,2D,2D_eDRAM,65,1,1,1,1,1,1,1,1,1,1,1,1,1,1,1,1
2D_eDRAM_90nm_output.txt,eDRAM,2D,2D_eDRAM,90,1,1,1,1,1,1,1,1,1,1,1,1,1,1,1,1
3D_RRAM_130nm_output.txt,RRAM,3D,3D_RRAM,130,0.812632,1.23057,0.997835,1.00217,0.989265,1.01085,1.00662,0.993421,0.916129,1.09155,1.39668,0.715985,1.00444,0.995576,0.906295,1.10339
3D_RRAM_180nm_output.txt,RRAM,3D,3D_RRAM,180,0.767759,1.30249,0.978543,1.02193,1.0007,0.999305,0.6337,1.57803,0.866162,1.15452,0.982026,1.0183,0.620099,1.61264,0.866764,1.15372
3D_RRAM_22nm_output.txt,RRAM,3D,3D_RRAM,22,0.853659,1.17143,0.995029,1.005,0.99739,1.00262,1,1,0.974093,1.0266,1.656,0.603866,0.995029,1.005,0.971552,1.02928
3D_RRAM_32nm_output.txt,RRAM,3D,3D_RRAM,32,0.734848,1.36082,0.952535,1.04983,0.999429,1.00057,0.805195,1.24194,0.961538,1.04,0.762286,1.31184,0.766977,1.30382,0.960988,1.0406
3D_RRAM_45nm_output.txt,RRAM,3D,3D_RRAM,45,0.635838,1.57273,0.622555,1.60628,0.93342,1.07133,1.06452,0.939394,1.0197,0.980676,1.58361,0.631469,0.66272,1.50893,0.951814,1.05063
3D_RRAM_65nm_output.txt,RRAM,3D,3D_RRAM,65,0.834593,1.19819,0.968862,1.03214,0.985197,1.01503,1.01266,0.9875,0.963964,1.03738,1.57917,0.633243,0.981126,1.01924,0.949695,1.05297
3D_RRAM_90nm_output.txt,RRAM,3D,3D_RRAM,90,0.736191,1.35834,0.963339,1.03806,1.00031,0.999687,0.725191,1.37895,0.933333,1.07143,0.928499,1.07701,0.698605,1.43142,0.933626,1.07109
3D_SRAM_130nm_output.txt,SRAM,3D,3D_SRAM,130,0.50671,1.97352,0.52381,1.90909,0.566837,1.76417,0.512772,1.95018,0.977528,1.02299,1.03763,0.963735,0.268595,3.72307,0.554099,1.80473
3D_SRAM_180nm_output.txt,SRAM,3D,3D_SRAM,180,0.506625,1.97385,0.466857,2.14198,0.506123,1.9758,0.511779,1.95397,0.964286,1.03704,1.0368,0.964507,0.238928,4.18537,0.488049,2.04898
3D_SRAM_22nm_output.txt,SRAM,3D,3D_SRAM,22,0.527778,1.89474,0.595439,1.67943,0.629577,1.58837,0.771429,1.2963,0.771429,1.2963,1.06747,0.936795,0.459339,2.17704,0.485674,2.05899
3D_SRAM_32nm_output.txt,SRAM,3D,3D_SRAM,32,0.500235,1.99906,0.596607,1.67615,0.699174,1.43026,0.731707,1.36667,0.723577,1.38202,1,1,0.436542,2.29073,0.505906,1.97665
3D_SRAM_45nm_output.txt,SRAM,3D,3D_SRAM,45,0.58979,1.69552,0.696486,1.43578,0.697719,1.43324,0.764368,1.30827,0.763006,1.31061,1.06085,0.942636,0.532371,1.87839,0.532363,1.87842
3D_SRAM_65nm_output.txt,SRAM,3D,3D_SRAM,65,0.575397,1.73793,0.472541,2.11622,0.518508,1.92861,0.518797,1.92754,1.68182,0.594595,1.17594,0.850382,0.245153,4.07909,0.872037,1.14674
3D_SRAM_90nm_output.txt,SRAM,3D,3D_SRAM,90,0.506841,1.973,0.447935,2.23247,0.489592,2.04252,0.515528,1.93976,1.02439,0.97619,1.03941,0.962088,0.230922,4.33046,0.501533,1.99389
3D_eDRAM_130nm_output.txt,eDRAM,3D,3D_eDRAM,130,0.503313,1.98683,0.658755,1.51802,0.70585,1.41673,0.785515,1.27305,0.817919,1.22261,1.28291,0.779478,0.517463,1.9325,0.577329,1.73212
3D_eDRAM_180nm_output.txt,eDRAM,3D,3D_eDRAM,180,0.594576,1.68187,1.52043,0.657708,1.37588,0.726807,0.457465,2.18596,0.455095,2.19734,1.46768,0.681347,0.695544,1.43772,0.626155,1.59705
3D_eDRAM_22nm_output.txt,eDRAM,3D,3D_eDRAM,22,0.873016,1.14545,0.531646,1.88095,0.48532,2.0605,1.15789,0.863636,1.10526,0.904762,1.64823,0.606712,0.61559,1.62446,0.536406,1.86426
3D_eDRAM_32nm_output.txt,eDRAM,3D,3D_eDRAM,32,0.741667,1.34831,0.623514,1.60381,0.560132,1.78529,0.924242,1.08197,0.924242,1.08197,1.67168,0.598201,0.576278,1.73527,0.517698,1.93163
3D_eDRAM_45nm_output.txt,eDRAM,3D,3D_eDRAM,45,0.686059,1.4576,0.760181,1.31548,0.602649,1.65934,0.880342,1.13592,0.871795,1.14706,1.84378,0.542364,0.669219,1.49428,0.525386,1.90336
3D_eDRAM_65nm_output.txt,eDRAM,3D,3D_eDRAM,65,1.29982,0.76934,0.216238,4.62454,0.223871,4.46686,2.11224,0.47343,2.23913,0.446602,4.36667,0.229007,0.456747,2.18939,0.501276,1.99491
3D_eDRAM_90nm_output.txt,eDRAM,3D,3D_eDRAM,90,1.25948,0.793979,0.603952,1.65576,0.454922,2.19818,1.18788,0.841837,1.17825,0.848718,3.41955,0.292436,0.717422,1.39388,0.536011,1.86563
