"run_id","case_id","process_node_nm","local_tsv_projection","global_tsv_projection","tsv_redundancy","tsv_hop_model","tsv_hop_factor","cache_total_area_mm2","cache_hit_latency_ns","cache_write_dyn_energy_nj","cache_total_leakage_mw","data_read_latency_ns","data_write_dyn_energy_nj","data_area_mm2","data_tsv_area_mm2","data_tsv_read_latency_ns","data_tsv_dyn_energy_nj","data_leakage_mw"
"B1_SRAM_2D_N22","B1_SRAM_2D","22",,,,,,"1.836","1.184","0.035","65.837","1.074","0.032205","1.506",,,,"56.146"
"B1_SRAM_2D_N32","B1_SRAM_2D","32",,,,,,"4.262","1.061","0.123","234.632","0.966531","0.115028","3.575",,,,"201.128"
"B1_SRAM_2D_N45","B1_SRAM_2D","45",,,,,,"8.893","0.939","0.173","48.328","0.822424","0.162467","7.541",,,,"41.497"
"B1_SRAM_2D_N65","B1_SRAM_2D","65",,,,,,"12.348","9.942","0.022","124.012","7.213","0.0197","11.04",,,,"110.4"
"B2_SRAM_3D_coarse_N22","B2_SRAM_3D","22",,,,,,"0.738","0.481","0.042","82.903","0.383492","0.037678",,"0.0011925","0.000228","0.014713","71.496"
"B2_SRAM_3D_coarse_N32","B2_SRAM_3D","32",,,,,,"1.542","0.488","0.126","285.915","0.370678","0.114341","1.356","0.00848","0.000105","0.045739","246.561"
"B2_SRAM_3D_coarse_N45","B2_SRAM_3D","45",,,,,,"3.451","0.455","0.181","69.576","0.323233","0.161666","2.729","0.0061268","0.000236","0.062258","55.585"
"B2_SRAM_3D_coarse_N65","B2_SRAM_3D","65",,,,,,"7.19","0.519","0.348","279.868","0.369094","0.310658","5.689","0.01325","0.000213","0.115532","219.745"
"B3_eDRAM_2D_N22","B3_eDRAM_2D","22",,,,,,"0.63","0.79","0.019","9.799","0.686759","0.017518",,,,,"6.664"
"B3_eDRAM_2D_N32","B3_eDRAM_2D","32",,,,,,"1.44","0.757","0.066","29.992","0.717421","0.060494","1.076",,,,"18.954"
"B3_eDRAM_2D_N45","B3_eDRAM_2D","45",,,,,,"4.555","0.663","0.117","9.986","0.608714","0.10927","3.836",,,,"7.739"
"B3_eDRAM_2D_N65","B3_eDRAM_2D","65",,,,,,"5.957","2.488","0.092","24.507","1.57","0.077871","4.462",,,,"14.199"
"B4_eDRAM_3D_coarse_N22","B4_eDRAM_3D","22",,,,,,"0.441","0.301","0.035","37.803","0.245258","0.031128",,"0.0011925","0.000228","0.014713","24.081"
"B4_eDRAM_3D_coarse_N32","B4_eDRAM_3D","32",,,,,,"0.927","0.316","0.108","132.416","0.262067","0.094819",,"0.00848","0.000105","0.045739","83.725"
"B4_eDRAM_3D_coarse_N45","B4_eDRAM_3D","45",,,,,,"2.024","0.308","0.153","34.415","0.247833","0.135279","1.495","0.0061268","0.000236","0.062258","24.474"
"B4_eDRAM_3D_coarse_N65","B4_eDRAM_3D","65",,,,,,"5.119","0.368","0.296","186.347","0.305317","0.25885","3.117","0.01325","0.000213","0.115532","112.911"
"TSV_SRAM3Dfine_N65_L0G0_R1.2_Avg","TSV_SRAM3Dfine","65","0","0","1.2","Average",,"8.946","0.649","0.309","232.393","0.510312","0.28057","7.361","1.859","0.000213","0.078216","183.759"
"TSV_SRAM3Dfine_N65_L0G0_R1.2_C025","TSV_SRAM3Dfine","65","0","0","1.2","Custom","0.025","8.392","0.649","0.27","216.527","0.510259","0.247681","7.361","1.859","0.00016","0.045433","183.759"
"TSV_SRAM3Dfine_N65_L0G0_R1.2_C050","TSV_SRAM3Dfine","65","0","0","1.2","Custom","0.05","8.946","0.649","0.309","232.393","0.510312","0.28057","7.361","1.859","0.000213","0.078216","183.759"
"TSV_SRAM3Dfine_N65_L0G0_R1.2_C075","TSV_SRAM3Dfine","65","0","0","1.2","Custom","0.075","8.946","0.649","0.346","232.393","0.510365","0.313459","7.361","1.859","0.000266","0.111","183.759"
"TSV_SRAM3Dfine_N65_L0G0_R1.2_Worst","TSV_SRAM3Dfine","65","0","0","1.2","WorstCase",,"8.946","0.649","0.383","232.393","0.510418","0.346348","7.361","1.859","0.00032","0.143783","183.759"
"TSV_SRAM3Dfine_N65_L0G0_R1.5_Avg","TSV_SRAM3Dfine","65","0","0","1.5","Average",,"8.729","0.663","0.33","216.527","0.521977","0.301188","7.641","2.323","0.000213","0.094871","183.759"
"TSV_SRAM3Dfine_N65_L0G0_R1.5_C025","TSV_SRAM3Dfine","65","0","0","1.5","Custom","0.025","8.729","0.663","0.284","216.527","0.521924","0.260077","7.641","2.323","0.00016","0.05376","183.759"
"TSV_SRAM3Dfine_N65_L0G0_R1.5_C050","TSV_SRAM3Dfine","65","0","0","1.5","Custom","0.05","8.729","0.663","0.33","216.527","0.521977","0.301188","7.641","2.323","0.000213","0.094871","183.759"
"TSV_SRAM3Dfine_N65_L0G0_R1.5_C075","TSV_SRAM3Dfine","65","0","0","1.5","Custom","0.075","9.323","0.666","0.379","232.393","0.522031","0.342299","7.641","2.323","0.000266","0.135982","183.759"
"TSV_SRAM3Dfine_N65_L0G0_R1.5_Worst","TSV_SRAM3Dfine","65","0","0","1.5","WorstCase",,"9.323","0.666","0.425","232.393","0.522084","0.38341","7.641","2.323","0.00032","0.177093","183.759"
"TSV_SRAM3Dfine_N65_L0G0_R1_Avg","TSV_SRAM3Dfine","65","0","0","1","Average",,"8.669","0.636","0.293","232.393","0.501977","0.266526","7.154","1.549","0.000213","0.067464","183.759"
"TSV_SRAM3Dfine_N65_L0G0_R1_C025","TSV_SRAM3Dfine","65","0","0","1","Custom","0.025","8.669","0.636","0.262","232.393","0.501924","0.239119","7.154","1.549","0.00016","0.040057","183.759"
"TSV_SRAM3Dfine_N65_L0G0_R1_C050","TSV_SRAM3Dfine","65","0","0","1","Custom","0.05","8.669","0.636","0.293","232.393","0.501977","0.266526","7.154","1.549","0.000213","0.067464","183.759"
"TSV_SRAM3Dfine_N65_L0G0_R1_C075","TSV_SRAM3Dfine","65","0","0","1","Custom","0.075","8.669","0.637","0.324","232.393","0.502031","0.293934","7.154","1.549","0.000266","0.094871","183.759"
"TSV_SRAM3Dfine_N65_L0G0_R1_Worst","TSV_SRAM3Dfine","65","0","0","1","WorstCase",,"8.669","0.637","0.355","232.393","0.502084","0.321341","7.154","1.549","0.00032","0.122279","183.759"
